{
  "formatVersion": 1,
  "database": {
    "version": 1,
    "identityHash": "23c05b21ee9851b99716f791895d4d7d",
    "entities": [
      {
        "tableName": "user_table",
        "createSql": "CREATE TABLE IF NOT EXISTS `${TABLE_NAME}` (`id` INTEGER PRIMARY KEY AUTOINCREMENT, `username` TEXT, `password` TEXT)",
        "fields": [
          {
            "fieldPath": "id",
            "columnName": "id",
            "affinity": "INTEGER",
            "notNull": false
          },
          {
            "fieldPath": "username",
            "columnName": "username",
            "affinity": "TEXT",
            "notNull": false
          },
          {
            "fieldPath": "password",
            "columnName": "password",
            "affinity": "TEXT",
            "notNull": false
          }
        ],
        "primaryKey": {
          "autoGenerate": true,
          "columnNames": [
            "id"
          ]
        },
        "indices": [
          {
            "name": "index_user_table_username",
            "unique": true,
            "columnNames": [
              "username"
            ],
            "orders": [],
            "createSql": "CREATE UNIQUE INDEX IF NOT EXISTS `index_user_table_username` ON `${TABLE_NAME}` (`username`)"
          }
        ],
        "foreignKeys": []
      },
      {
        "tableName": "item_table",
        "createSql": "CREATE TABLE IF NOT EXISTS `${TABLE_NAME}` (`itemId` INTEGER PRIMARY KEY AUTOINCREMENT, `name` TEXT, `quantity` INTEGER NOT NULL)",
        "fields": [
          {
            "fieldPath": "itemId",
            "columnName": "itemId",
            "affinity": "INTEGER",
            "notNull": false
          },
          {
            "fieldPath": "name",
            "columnName": "name",
            "affinity": "TEXT",
            "notNull": false
          },
          {
            "fieldPath": "quantity",
            "columnName": "quantity",
            "affinity": "INTEGER",
            "notNull": true
          }
        ],
        "primaryKey": {
          "autoGenerate": true,
          "columnNames": [
            "itemId"
          ]
        },
        "indices": [
          {
            "name": "index_item_table_itemId",
            "unique": false,
            "columnNames": [
              "itemId"
            ],
            "orders": [],
            "createSql": "CREATE INDEX IF NOT EXISTS `index_item_table_itemId` ON `${TABLE_NAME}` (`itemId`)"
          }
        ],
        "foreignKeys": []
      }
    ],
    "views": [],
    "setupQueries": [
      "CREATE TABLE IF NOT EXISTS room_master_table (id INTEGER PRIMARY KEY,identity_hash TEXT)",
      "INSERT OR REPLACE INTO room_master_table (id,identity_hash) VALUES(42, '23c05b21ee9851b99716f791895d4d7d')"
    ]
  }
}